-- Clear any existing data
SET FOREIGN_KEY_CHECKS = 0;

-- Insert demo users into the Users table
INSERT INTO Users (email, password, type, rating) VALUES
('demo.applicant@example.com', 'demo123', 'applicant', 4.5),
('demo.recruiter@example.com', 'demo123', 'recruiter', 4.5);

SET @demo_applicant_id = LAST_INSERT_ID();
SET @demo_recruiter_id = @demo_applicant_id + 1;

INSERT INTO JobApplicants (user_id, name, skills, resume, profile) VALUES
(@demo_applicant_id, 'Demo Applicant', 'JavaScript, React, Node.js, SQL', 'demo_resume.pdf', 'Demo Applicant Profile');

INSERT INTO Recruiters (user_id, name, contact_number, bio) VALUES
(@demo_recruiter_id, 'Demo Recruiter', '03000000000', 'This is a demo recruiter account for testing purposes.');

INSERT INTO Education (applicant_id, institution_name, start_year, end_year) VALUES
(LAST_INSERT_ID() - 1, 'Demo University', 2018, 2022);


-- Insert Users (50 applicants and 50 recruiters)
INSERT INTO Users (email, password, type, rating) VALUES
-- Applicants (50)
('ahmad.khan@gmail.com', 'pass123', 'applicant', 4.2),
('fatima.ali@gmail.com', 'pass123', 'applicant', 3.9),
('muhammad.ahmed@yahoo.com', 'pass123', 'applicant', 4.5),
('ayesha.malik@gmail.com', 'pass123', 'applicant', 3.8),
('saad.aziz@hotmail.com', 'pass123', 'applicant', 4.1),
('zainab.hassan@gmail.com', 'pass123', 'applicant', 4.3),
('usman.khan@yahoo.com', 'pass123', 'applicant', 3.7),
('hina.ahmed@gmail.com', 'pass123', 'applicant', 4.0),
('bilal.shah@hotmail.com', 'pass123', 'applicant', 4.2),
('sana.mahmood@gmail.com', 'pass123', 'applicant', 3.6),
('ali.raza@yahoo.com', 'pass123', 'applicant', 4.7),
('nadia.khan@gmail.com', 'pass123', 'applicant', 4.1),
('imran.sheikh@hotmail.com', 'pass123', 'applicant', 3.9),
('amna.ali@gmail.com', 'pass123', 'applicant', 4.3),
('faisal.ahmad@yahoo.com', 'pass123', 'applicant', 3.8),
('maryam.jabbar@gmail.com', 'pass123', 'applicant', 4.5),
('kamran.yousaf@hotmail.com', 'pass123', 'applicant', 4.0),
('rabia.hassan@gmail.com', 'pass123', 'applicant', 3.7),
('naveed.akram@yahoo.com', 'pass123', 'applicant', 4.2),
('samina.ahmed@gmail.com', 'pass123', 'applicant', 4.1),
('farhan.khalid@hotmail.com', 'pass123', 'applicant', 3.9),
('saira.khan@gmail.com', 'pass123', 'applicant', 4.4),
('hamza.ali@yahoo.com', 'pass123', 'applicant', 3.8),
('aisha.baig@gmail.com', 'pass123', 'applicant', 4.0),
('yasir.mehmood@hotmail.com', 'pass123', 'applicant', 4.3),
('lubna.aslam@gmail.com', 'pass123', 'applicant', 3.9),
('shoaib.malik@yahoo.com', 'pass123', 'applicant', 4.2),
('sara.zafar@gmail.com', 'pass123', 'applicant', 4.1),
('adnan.qureshi@hotmail.com', 'pass123', 'applicant', 3.7),
('rida.khan@gmail.com', 'pass123', 'applicant', 4.5),
('asad.ahmed@yahoo.com', 'pass123', 'applicant', 4.0),
('mumtaz.begum@gmail.com', 'pass123', 'applicant', 3.8),
('omer.farooq@hotmail.com', 'pass123', 'applicant', 4.2),
('farah.khan@gmail.com', 'pass123', 'applicant', 4.3),
('waqas.ali@yahoo.com', 'pass123', 'applicant', 3.9),
('naila.tahir@gmail.com', 'pass123', 'applicant', 4.1),
('khalid.mahmood@hotmail.com', 'pass123', 'applicant', 4.0),
('shazia.khan@gmail.com', 'pass123', 'applicant', 3.7),
('tariq.javed@yahoo.com', 'pass123', 'applicant', 4.4),
('irum.shahid@gmail.com', 'pass123', 'applicant', 4.2),
('zahid.khan@hotmail.com', 'pass123', 'applicant', 3.8),
('bushra.ahmed@gmail.com', 'pass123', 'applicant', 4.0),
('sajid.ali@yahoo.com', 'pass123', 'applicant', 4.3),
('asma.riaz@gmail.com', 'pass123', 'applicant', 3.9),
('rizwan.malik@hotmail.com', 'pass123', 'applicant', 4.1),
('shabana.khan@gmail.com', 'pass123', 'applicant', 4.4),
('irfan.ahmed@yahoo.com', 'pass123', 'applicant', 3.8),
('najma.hassan@gmail.com', 'pass123', 'applicant', 4.2),
('mehwish.alam@gmail.com', 'pass123', 'applicant', 4.0),
('tahir.mehmood@gmail.com', 'pass123', 'applicant', 4.3),

-- Recruiters (50)
('techsoft@company.com', 'pass123', 'recruiter', 4.6),
('paktech@company.com', 'pass123', 'recruiter', 4.3),
('systemsltd@company.com', 'pass123', 'recruiter', 4.8),
('netsol@company.com', 'pass123', 'recruiter', 4.2),
('10pearls@company.com', 'pass123', 'recruiter', 4.7),
('ibex@company.com', 'pass123', 'recruiter', 4.5),
('infotech@company.com', 'pass123', 'recruiter', 4.0),
('sastaticket@company.com', 'pass123', 'recruiter', 4.4),
('careem@company.com', 'pass123', 'recruiter', 4.6),
('daraz@company.com', 'pass123', 'recruiter', 4.2),
('easypaisa@company.com', 'pass123', 'recruiter', 4.5),
('airlift@company.com', 'pass123', 'recruiter', 4.3),
('foodpanda@company.com', 'pass123', 'recruiter', 4.1),
('arbisoft@company.com', 'pass123', 'recruiter', 4.8),
('tplink@company.com', 'pass123', 'recruiter', 4.4),
('mobilink@company.com', 'pass123', 'recruiter', 4.7),
('telenor@company.com', 'pass123', 'recruiter', 4.2),
('ufone@company.com', 'pass123', 'recruiter', 4.0),
('zong@company.com', 'pass123', 'recruiter', 4.5),
('bankislami@company.com', 'pass123', 'recruiter', 4.3),
('habibbank@company.com', 'pass123', 'recruiter', 4.6),
('mcb@company.com', 'pass123', 'recruiter', 4.4),
('ubl@company.com', 'pass123', 'recruiter', 4.2),
('meezan@company.com', 'pass123', 'recruiter', 4.7),
('engro@company.com', 'pass123', 'recruiter', 4.5),
('fauji@company.com', 'pass123', 'recruiter', 4.3),
('nishat@company.com', 'pass123', 'recruiter', 4.8),
('lakson@company.com', 'pass123', 'recruiter', 4.4),
('bestway@company.com', 'pass123', 'recruiter', 4.1),
('gsk@company.com', 'pass123', 'recruiter', 4.6),
('abbott@company.com', 'pass123', 'recruiter', 4.2),
('pfizer@company.com', 'pass123', 'recruiter', 4.5),
('unilever@company.com', 'pass123', 'recruiter', 4.7),
('nestle@company.com', 'pass123', 'recruiter', 4.4),
('coca-cola@company.com', 'pass123', 'recruiter', 4.3),
('pepsi@company.com', 'pass123', 'recruiter', 4.1),
('jazz@company.com', 'pass123', 'recruiter', 4.8),
('technoguru@company.com', 'pass123', 'recruiter', 4.6),
('softec@company.com', 'pass123', 'recruiter', 4.2),
('codingninjas@company.com', 'pass123', 'recruiter', 4.7),
('digitech@company.com', 'pass123', 'recruiter', 4.3),
('cloudware@company.com', 'pass123', 'recruiter', 4.5),
('bytesphere@company.com', 'pass123', 'recruiter', 4.4),
('securetech@company.com', 'pass123', 'recruiter', 4.0),
('datamatics@company.com', 'pass123', 'recruiter', 4.8),
('aigenius@company.com', 'pass123', 'recruiter', 4.6),
('webvision@company.com', 'pass123', 'recruiter', 4.5),
('mobiletech@company.com', 'pass123', 'recruiter', 4.3),
('pakdev@company.com', 'pass123', 'recruiter', 4.4),
('future@company.com', 'pass123', 'recruiter', 4.7);
-- Insert Recruiters
INSERT INTO Recruiters (user_id, name, contact_number, bio) VALUES
(51, 'TechSoft Solutions', '+92-300-1234567', 'Leading software development company in Pakistan specializing in enterprise solutions.'),
(52, 'PakTech Innovations', '+92-321-2345678', 'IT services company focused on mobile app development and cloud solutions.'),
(53, 'Systems Limited', '+92-333-3456789', 'Pakistan premier technology company providing innovative IT solutions globally.'),
(54, 'NetSol Technologies', '+92-345-4567890', 'Global IT and enterprise software solution provider headquartered in Lahore.'),
(55, '10Pearls', '+92-300-5678901', 'End-to-end digital services company helping businesses with digital transformation.'),
(56, 'IBEX Pakistan', '+92-321-6789012', 'BPO company offering customer support and IT services to global clients.'),
(57, 'InfoTech Group', '+92-333-7890123', 'Software house specializing in financial technology solutions.'),
(58, 'Sasta Ticket', '+92-345-8901234', 'Online travel agency revolutionizing the travel industry in Pakistan.'),
(59, 'Careem Pakistan', '+92-300-9012345', 'Leading ride-hailing and delivery service in Pakistan.'),
(60, 'Daraz Pakistan', '+92-321-0123456', 'Pakistan largest e-commerce platform offering diverse products.'),
(61, 'EasyPaisa', '+92-333-1234567', 'Mobile financial service provider transforming the financial landscape.'),
(62, 'Airlift Technologies', '+92-345-2345678', 'Transit and delivery service reimagining urban logistics.'),
(63, 'Foodpanda Pakistan', '+92-300-3456789', 'Online food delivery service connecting customers with restaurants.'),
(64, 'Arbisoft', '+92-321-4567890', 'Software company creating custom solutions for global clients.'),
(65, 'TP-Link Pakistan', '+92-333-5678901', 'Networking equipment manufacturer with a strong presence in Pakistan.'),
(66, 'Mobilink Microfinance Bank', '+92-345-6789012', 'Digital banking solutions provider focused on financial inclusion.'),
(67, 'Telenor Pakistan', '+92-300-7890123', 'Telecommunications company offering innovative digital services.'),
(68, 'Ufone', '+92-321-8901234', 'Mobile operator providing cellular services across Pakistan.'),
(69, 'Zong 4G', '+92-333-9012345', 'Pakistan first and largest 4G network operator.'),
(70, 'BankIslami Pakistan', '+92-345-0123456', 'Islamic banking institution offering Shariah-compliant services.'),
(71, 'Habib Bank Limited', '+92-300-1234567', 'Pakistan largest bank with a global presence.'),
(72, 'MCB Bank', '+92-321-2345678', 'Leading financial institution with extensive branch network.'),
(73, 'United Bank Limited', '+92-333-3456789', 'Banking conglomerate offering comprehensive financial services.'),
(74, 'Meezan Bank', '+92-345-4567890', 'Pakistan premier Islamic bank with nationwide presence.'),
(75, 'Engro Corporation', '+92-300-5678901', 'Conglomerate with businesses in fertilizers, foods, energy, and more.'),
(76, 'Fauji Foundation', '+92-321-6789012', 'One of Pakistan largest business conglomerates with diverse industries.'),
(77, 'Nishat Group', '+92-333-7890123', 'Diversified business group with interests in textiles, cement, and banking.'),
(78, 'Lakson Group', '+92-345-8901234', 'Business conglomerate with investments in media, FMCG, and technology.'),
(79, 'Bestway Group', '+92-300-9012345', 'Multinational company with operations in cement, banking, and retail.'),
(80, 'GSK Pakistan', '+92-321-0123456', 'Healthcare company dedicated to improving the quality of human life.'),
(81, 'Abbott Pakistan', '+92-333-1234567', 'Healthcare company providing innovative medical solutions.'),
(82, 'Pfizer Pakistan', '+92-345-2345678', 'Global pharmaceutical company with a strong presence in Pakistan.'),
(83, 'Unilever Pakistan', '+92-300-3456789', 'FMCG company with a diverse portfolio of household brands.'),
(84, 'Nestle Pakistan', '+92-321-4567890', 'Food and beverage company offering a wide range of products.'),
(85, 'Coca-Cola Pakistan', '+92-333-5678901', 'Beverage company with extensive distribution network across Pakistan.'),
(86, 'PepsiCo Pakistan', '+92-345-6789012', 'Food and beverage company with a strong market presence.'),
(87, 'Jazz', '+92-300-7890123', 'Pakistan largest telecommunications company offering digital services.'),
(88, 'TechnoGuru Solutions', '+92-321-8901234', 'IT consulting firm specializing in custom software development.'),
(89, 'Softec Systems', '+92-333-9012345', 'Software development company focusing on web and mobile applications.'),
(90, 'Coding Ninjas Pakistan', '+92-345-0123456', 'Coding bootcamp and IT services provider in multiple cities.'),
(91, 'DigiTech Innovations', '+92-300-9876543', 'Digital transformation consultancy helping businesses modernize.'),
(92, 'CloudWare Solutions', '+92-321-8765432', 'Cloud services provider specializing in AWS and Azure deployments.'),
(93, 'ByteSphere Technologies', '+92-333-7654321', 'IT company focusing on cybersecurity and network solutions.'),
(94, 'SecureTech Solutions', '+92-345-6543210', 'Information security company offering comprehensive protection services.'),
(95, 'Datamatics Pakistan', '+92-300-5432109', 'Data analytics and business intelligence solutions provider.'),
(96, 'AI Genius Labs', '+92-321-4321098', 'Artificial intelligence and machine learning research company.'),
(97, 'WebVision Studios', '+92-333-3210987', 'Web development and digital marketing agency with creative focus.'),
(98, 'MobileTech Solutions', '+92-345-2109876', 'Mobile app development company with expertise in iOS and Android.'),
(99, 'PakDev Outsourcing', '+92-300-1098765', 'IT outsourcing company connecting Pakistani talent with global clients.'),
(100, 'Future Technologies', '+92-321-0987654', 'Emerging technology research and development firm based in Islamabad.');

-- Insert JobApplicants
INSERT INTO JobApplicants (user_id, name, skills, resume, profile) VALUES
(1, 'Ahmad Khan', 'JavaScript,React,Node.js,MongoDB', 'resumes/ahmad_khan.pdf', 'profiles/ahmad_khan.jpg'),
(2, 'Fatima Ali', 'Python,Django,SQL,Data Analysis', 'resumes/fatima_ali.pdf', 'profiles/fatima_ali.jpg'),
(3, 'Muhammad Ahmed', 'Java,Spring Boot,Hibernate,MySQL', 'resumes/muhammad_ahmed.pdf', 'profiles/muhammad_ahmed.jpg'),
(4, 'Ayesha Malik', 'UI/UX Design,Figma,Adobe XD,HTML,CSS', 'resumes/ayesha_malik.pdf', 'profiles/ayesha_malik.jpg'),
(5, 'Saad Aziz', 'Android Development,Kotlin,Java,Firebase', 'resumes/saad_aziz.pdf', 'profiles/saad_aziz.jpg'),
(6, 'Zainab Hassan', 'Content Writing,SEO,Digital Marketing', 'resumes/zainab_hassan.pdf', 'profiles/zainab_hassan.jpg'),
(7, 'Usman Khan', 'PHP,Laravel,MySQL,Vue.js', 'resumes/usman_khan.pdf', 'profiles/usman_khan.jpg'),
(8, 'Hina Ahmed', 'Project Management,Agile,Scrum,Jira', 'resumes/hina_ahmed.pdf', 'profiles/hina_ahmed.jpg'),
(9, 'Bilal Shah', 'iOS Development,Swift,Objective-C,XCode', 'resumes/bilal_shah.pdf', 'profiles/bilal_shah.jpg'),
(10, 'Sana Mahmood', 'Data Science,Python,R,Machine Learning', 'resumes/sana_mahmood.pdf', 'profiles/sana_mahmood.jpg'),
(11, 'Ali Raza', 'DevOps,Docker,Kubernetes,AWS,CI/CD', 'resumes/ali_raza.pdf', 'profiles/ali_raza.jpg'),
(12, 'Nadia Khan', 'Graphic Design,Photoshop,Illustrator,InDesign', 'resumes/nadia_khan.pdf', 'profiles/nadia_khan.jpg'),
(13, 'Imran Sheikh', 'Flutter,Dart,Mobile App Development', 'resumes/imran_sheikh.pdf', 'profiles/imran_sheikh.jpg'),
(14, 'Amna Ali', 'QA Testing,Selenium,Appium,TestNG', 'resumes/amna_ali.pdf', 'profiles/amna_ali.jpg'),
(15, 'Faisal Ahmad', 'Cyber Security,Penetration Testing,CISSP', 'resumes/faisal_ahmad.pdf', 'profiles/faisal_ahmad.jpg'),
(16, 'Maryam Jabbar', 'Data Analysis,Excel,Tableau,Power BI', 'resumes/maryam_jabbar.pdf', 'profiles/maryam_jabbar.jpg'),
(17, 'Kamran Yousaf', 'Network Administration,CCNA,MCSE', 'resumes/kamran_yousaf.pdf', 'profiles/kamran_yousaf.jpg'),
(18, 'Rabia Hassan', 'Digital Marketing,Google Analytics,Social Media', 'resumes/rabia_hassan.pdf', 'profiles/rabia_hassan.jpg'),
(19, 'Naveed Akram', 'Cloud Computing,AWS,Azure,GCP', 'resumes/naveed_akram.pdf', 'profiles/naveed_akram.jpg'),
(20, 'Samina Ahmed', 'Content Management,WordPress,Drupal', 'resumes/samina_ahmed.pdf', 'profiles/samina_ahmed.jpg'),
(21, 'Farhan Khalid', 'React Native,JavaScript,Mobile Development', 'resumes/farhan_khalid.pdf', 'profiles/farhan_khalid.jpg'),
(22, 'Saira Khan', 'HR Management,Recruitment,Talent Acquisition', 'resumes/saira_khan.pdf', 'profiles/saira_khan.jpg'),
(23, 'Hamza Ali', 'Video Editing,After Effects,Premiere Pro', 'resumes/hamza_ali.pdf', 'profiles/hamza_ali.jpg'),
(24, 'Aisha Baig', 'Accounting,Finance,Taxation,QuickBooks', 'resumes/aisha_baig.pdf', 'profiles/aisha_baig.jpg'),
(25, 'Yasir Mehmood', 'Angular,TypeScript,JavaScript,Node.js', 'resumes/yasir_mehmood.pdf', 'profiles/yasir_mehmood.jpg'),
(26, 'Lubna Aslam', 'Supply Chain Management,Logistics,Inventory', 'resumes/lubna_aslam.pdf', 'profiles/lubna_aslam.jpg'),
(27, 'Shoaib Malik', 'Blockchain,Ethereum,Smart Contracts,Solidity', 'resumes/shoaib_malik.pdf', 'profiles/shoaib_malik.jpg'),
(28, 'Sara Zafar', 'Content Creation,Copywriting,Blogging', 'resumes/sara_zafar.pdf', 'profiles/sara_zafar.jpg'),
(29, 'Adnan Qureshi', 'Backend Development,Ruby on Rails,PostgreSQL', 'resumes/adnan_qureshi.pdf', 'profiles/adnan_qureshi.jpg'),
(30, 'Rida Khan', 'Machine Learning,Deep Learning,TensorFlow,PyTorch', 'resumes/rida_khan.pdf', 'profiles/rida_khan.jpg'),
(31, 'Asad Ahmed', 'Sales,Business Development,CRM,Negotiation', 'resumes/asad_ahmed.pdf', 'profiles/asad_ahmed.jpg'),
(32, 'Mumtaz Begum', 'Customer Service,Call Center Operations', 'resumes/mumtaz_begum.pdf', 'profiles/mumtaz_begum.jpg'),
(33, 'Omer Farooq', 'Linux System Administration,Bash Scripting', 'resumes/omer_farooq.pdf', 'profiles/omer_farooq.jpg'),
(34, 'Farah Khan', 'Product Management,Agile,Roadmapping', 'resumes/farah_khan.pdf', 'profiles/farah_khan.jpg'),
(35, 'Waqas Ali', 'MERN Stack,MongoDB,Express,React,Node.js', 'resumes/waqas_ali.pdf', 'profiles/waqas_ali.jpg'),
(36, 'Naila Tahir', 'Translation,Interpretation,Multilingual', 'resumes/naila_tahir.pdf', 'profiles/naila_tahir.jpg'),
(37, 'Khalid Mahmood', 'Technical Support,Troubleshooting,Help Desk', 'resumes/khalid_mahmood.pdf', 'profiles/khalid_mahmood.jpg'),
(38, 'Shazia Khan', 'Database Administration,SQL Server,MySQL,Oracle', 'resumes/shazia_khan.pdf', 'profiles/shazia_khan.jpg'),
(39, 'Tariq Javed', 'Game Development,Unity3D,C#,Game Design', 'resumes/tariq_javed.pdf', 'profiles/tariq_javed.jpg'),
(40, 'Irum Shahid', 'Event Management,Planning,Coordination', 'resumes/irum_shahid.pdf', 'profiles/irum_shahid.jpg'),
(41, 'Zahid Khan', 'Business Analysis,Requirements Gathering,BPMN', 'resumes/zahid_khan.pdf', 'profiles/zahid_khan.jpg'),
(42, 'Bushra Ahmed', 'Teaching,Curriculum Development,E-learning', 'resumes/bushra_ahmed.pdf', 'profiles/bushra_ahmed.jpg'),
(43, 'Sajid Ali', 'IoT Development,Embedded Systems,Raspberry Pi', 'resumes/sajid_ali.pdf', 'profiles/sajid_ali.jpg'),
(44, 'Asma Riaz', 'Legal Counsel,Contracts,Compliance', 'resumes/asma_riaz.pdf', 'profiles/asma_riaz.jpg'),
(45, 'Rizwan Malik', 'Big Data,Hadoop,Spark,Data Engineering', 'resumes/rizwan_malik.pdf', 'profiles/rizwan_malik.jpg'),
(46, 'Shabana Khan', 'Architecture,AutoCAD,3D Modeling,Revit', 'resumes/shabana_khan.pdf', 'profiles/shabana_khan.jpg'),
(47, 'Irfan Ahmed', 'Frontend Development,HTML,CSS,JavaScript,React', 'resumes/irfan_ahmed.pdf', 'profiles/irfan_ahmed.jpg'),
(48, 'Najma Hassan', 'Data Entry,MS Office,Typing,Documentation', 'resumes/najma_hassan.pdf', 'profiles/najma_hassan.jpg'),
(49, 'Mehwish Alam', 'Social Media Management,Content Strategy', 'resumes/mehwish_alam.pdf', 'profiles/mehwish_alam.jpg'),
(50, 'Tahir Mehmood', 'API Development,Microservices,RESTful Services', 'resumes/tahir_mehmood.pdf', 'profiles/tahir_mehmood.jpg');

-- Insert Jobs with more variations, matching format in data.sql
INSERT INTO Jobs (recruiter_id, title, category, location, max_applicants, max_positions, active_applications, accepted_candidates, date_of_posting, deadline, job_type, duration, salary) VALUES
(1, 'Senior Frontend Developer', 'IT', 'Karachi', 50, 2, 12, 0, NOW() - INTERVAL 30 DAY, NOW() + INTERVAL 30 DAY, 'full-time', 0, 120000),
(2, 'Data Scientist', 'Data Science', 'Lahore', 30, 1, 15, 0, NOW() - INTERVAL 25 DAY, NOW() + INTERVAL 35 DAY, 'full-time', 0, 150000),
(3, 'UX/UI Designer', 'Design', 'Islamabad', 40, 2, 20, 1, NOW() - INTERVAL 45 DAY, NOW() + INTERVAL 15 DAY, 'full-time', 0, 100000),
(4, 'DevOps Engineer', 'IT', 'Remote', 25, 1, 18, 0, NOW() - INTERVAL 20 DAY, NOW() + INTERVAL 40 DAY, 'full-time', 0, 180000),
(5, 'Mobile App Developer', 'IT', 'Karachi', 35, 3, 22, 1, NOW() - INTERVAL 35 DAY, NOW() + INTERVAL 25 DAY, 'full-time', 0, 110000),
(6, 'Customer Support Specialist', 'Customer Service', 'Lahore', 60, 5, 30, 2, NOW() - INTERVAL 40 DAY, NOW() + INTERVAL 20 DAY, 'full-time', 0, 50000),
(7, 'Financial Analyst', 'Finance', 'Islamabad', 20, 1, 12, 0, NOW() - INTERVAL 15 DAY, NOW() + INTERVAL 45 DAY, 'full-time', 0, 90000),
(8, 'Content Writer', 'Marketing', 'Remote', 40, 2, 25, 1, NOW() - INTERVAL 28 DAY, NOW() + INTERVAL 32 DAY, 'freelance', 90, 40000),
(9, 'Ride-Hailing Driver', 'Transportation', 'Karachi', 100, 50, 45, 20, NOW() - INTERVAL 60 DAY, NOW() + INTERVAL 30 DAY, 'part-time', 0, 35000),
(10, 'E-commerce Operations Manager', 'Operations', 'Lahore', 25, 1, 18, 0, NOW() - INTERVAL 22 DAY, NOW() + INTERVAL 38 DAY, 'full-time', 0, 120000),
(1, 'React.js Developer', 'IT', 'Remote', 30, 2, 22, 0, NOW() - INTERVAL 25 DAY, NOW() + INTERVAL 35 DAY, 'full-time', 0, 130000),
(2, 'Machine Learning Engineer', 'IT', 'Lahore', 15, 1, 12, 0, NOW() - INTERVAL 22 DAY, NOW() + INTERVAL 38 DAY, 'full-time', 0, 180000),
(3, 'Product Designer', 'Design', 'Karachi', 25, 2, 18, 1, NOW() - INTERVAL 30 DAY, NOW() + INTERVAL 30 DAY, 'full-time', 0, 120000),
(4, 'Site Reliability Engineer', 'IT', 'Remote', 20, 1, 15, 0, NOW() - INTERVAL 27 DAY, NOW() + INTERVAL 33 DAY, 'full-time', 0, 190000),
(5, 'Flutter Developer', 'IT', 'Islamabad', 30, 2, 24, 1, NOW() - INTERVAL 35 DAY, NOW() + INTERVAL 25 DAY, 'full-time', 0, 140000),
(6, 'Technical Support Specialist', 'Customer Service', 'Peshawar', 40, 5, 30, 2, NOW() - INTERVAL 40 DAY, NOW() + INTERVAL 20 DAY, 'full-time', 0, 60000),
(7, 'Investment Analyst', 'Finance', 'Lahore', 15, 1, 10, 0, NOW() - INTERVAL 21 DAY, NOW() + INTERVAL 39 DAY, 'full-time', 0, 100000),
(8, 'SEO Specialist', 'Marketing', 'Remote', 25, 2, 18, 0, NOW() - INTERVAL 29 DAY, NOW() + INTERVAL 31 DAY, 'freelance', 90, 50000),
(9, 'Delivery Captain', 'Logistics', 'Multan', 50, 10, 35, 8, NOW() - INTERVAL 45 DAY, NOW() + INTERVAL 15 DAY, 'part-time', 0, 30000),
(10, 'Warehouse Manager', 'Operations', 'Faisalabad', 20, 1, 14, 0, NOW() - INTERVAL 23 DAY, NOW() + INTERVAL 37 DAY, 'full-time', 0, 90000),
(11, 'Digital Banking Officer', 'Banking', 'Faisalabad', 30, 2, 14, 0, NOW() - INTERVAL 18 DAY, NOW() + INTERVAL 42 DAY, 'full-time', 0, 80000),
(12, 'Logistics Coordinator', 'Supply Chain', 'Remote', 35, 3, 20, 1, NOW() - INTERVAL 32 DAY, NOW() + INTERVAL 28 DAY, 'full-time', 0, 70000),
(13, 'Restaurant Partner Manager', 'Food Service', 'Peshawar', 40, 4, 22, 2, NOW() - INTERVAL 38 DAY, NOW() + INTERVAL 22 DAY, 'full-time', 0, 65000),
(14, 'Python Developer', 'IT', 'Lahore', 30, 2, 25, 0, NOW() - INTERVAL 27 DAY, NOW() + INTERVAL 33 DAY, 'full-time', 0, 130000),
(15, 'Network Administrator', 'IT', 'Karachi', 20, 1, 15, 0, NOW() - INTERVAL 23 DAY, NOW() + INTERVAL 37 DAY, 'full-time', 0, 95000),
(16, 'Digital Marketing Specialist', 'Marketing', 'Islamabad', 35, 2, 28, 1, NOW() - INTERVAL 42 DAY, NOW() + INTERVAL 18 DAY, 'full-time', 0, 85000),
(17, 'Telecom Engineer', 'Telecommunications', 'Multan', 25, 2, 16, 0, NOW() - INTERVAL 29 DAY, NOW() + INTERVAL 31 DAY, 'full-time', 0, 100000),
(18, 'Customer Service Representative', 'Customer Service', 'Quetta', 50, 10, 32, 5, NOW() - INTERVAL 36 DAY, NOW() + INTERVAL 24 DAY, 'full-time', 0, 45000),
(19, 'Network Optimization Engineer', 'IT', 'Hyderabad', 15, 1, 8, 0, NOW() - INTERVAL 19 DAY, NOW() + INTERVAL 41 DAY, 'full-time', 0, 110000),
(20, 'Islamic Banking Officer', 'Banking', 'Sialkot', 30, 3, 18, 1, NOW() - INTERVAL 33 DAY, NOW() + INTERVAL 27 DAY, 'full-time', 0, 75000),
(21, 'Branch Manager', 'Banking', 'Rawalpindi', 20, 1, 12, 0, NOW() - INTERVAL 26 DAY, NOW() + INTERVAL 34 DAY, 'full-time', 0, 150000),
(22, 'Corporate Banker', 'Banking', 'Gujranwala', 25, 2, 14, 0, NOW() - INTERVAL 24 DAY, NOW() + INTERVAL 36 DAY, 'full-time', 0, 120000),
(23, 'Relationship Manager', 'Banking', 'Peshawar', 30, 3, 16, 1, NOW() - INTERVAL 31 DAY, NOW() + INTERVAL 29 DAY, 'full-time', 0, 90000),
(24, 'Digital Banking Specialist', 'Banking', 'Remote', 20, 1, 12, 0, NOW() - INTERVAL 17 DAY, NOW() + INTERVAL 43 DAY, 'full-time', 0, 100000),
(25, 'Agricultural Engineer', 'Engineering', 'Larkana', 15, 2, 8, 0, NOW() - INTERVAL 21 DAY, NOW() + INTERVAL 39 DAY, 'full-time', 0, 85000),
(26, 'Operations Manager', 'Management', 'Sukkur', 20, 1, 10, 0, NOW() - INTERVAL 16 DAY, NOW() + INTERVAL 44 DAY, 'full-time', 0, 130000),
(27, 'Textile Designer', 'Design', 'Faisalabad', 30, 3, 22, 1, NOW() - INTERVAL 37 DAY, NOW() + INTERVAL 23 DAY, 'full-time', 0, 70000),
(28, 'Media Relations Officer', 'PR', 'Islamabad', 25, 1, 18, 0, NOW() - INTERVAL 28 DAY, NOW() + INTERVAL 32 DAY, 'full-time', 0, 95000),
(29, 'Cement Production Supervisor', 'Manufacturing', 'Taxila', 15, 2, 6, 0, NOW() - INTERVAL 14 DAY, NOW() + INTERVAL 46 DAY, 'full-time', 0, 80000),
(30, 'Pharmaceutical Sales Rep', 'Sales', 'Lahore', 40, 5, 25, 2, NOW() - INTERVAL 39 DAY, NOW() + INTERVAL 21 DAY, 'full-time', 0, 60000),
(31, 'Medical Representative', 'Healthcare', 'Karachi', 30, 3, 22, 1, NOW() - INTERVAL 34 DAY, NOW() + INTERVAL 26 DAY, 'full-time', 0, 65000),
(32, 'Clinical Research Associate', 'Healthcare', 'Multan', 20, 1, 12, 0, NOW() - INTERVAL 25 DAY, NOW() + INTERVAL 35 DAY, 'full-time', 0, 110000),
(33, 'Brand Manager', 'Marketing', 'Lahore', 25, 1, 18, 0, NOW() - INTERVAL 30 DAY, NOW() + INTERVAL 30 DAY, 'full-time', 0, 150000),
(34, 'Food Technologist', 'R&D', 'Sheikhupura', 15, 2, 8, 0, NOW() - INTERVAL 22 DAY, NOW() + INTERVAL 38 DAY, 'full-time', 0, 90000),
(35, 'Beverage Quality Analyst', 'Quality Assurance', 'Gujranwala', 10, 1, 5, 0, NOW() - INTERVAL 18 DAY, NOW() + INTERVAL 42 DAY, 'full-time', 0, 75000),
(36, 'Supply Chain Manager', 'Supply Chain', 'Sialkot', 20, 1, 14, 0, NOW() - INTERVAL 27 DAY, NOW() + INTERVAL 33 DAY, 'full-time', 0, 120000),
(37, 'Telecommunications Specialist', 'IT', 'Karachi', 30, 2, 24, 1, NOW() - INTERVAL 40 DAY, NOW() + INTERVAL 20 DAY, 'full-time', 0, 100000),
(38, 'Software QA Engineer', 'IT', 'Remote', 25, 2, 20, 0, NOW() - INTERVAL 29 DAY, NOW() + INTERVAL 31 DAY, 'full-time', 0, 95000),
(39, 'MERN Stack Developer', 'IT', 'Lahore', 25, 2, 20, 1, NOW() - INTERVAL 33 DAY, NOW() + INTERVAL 27 DAY, 'full-time', 0, 150000),
(40, 'Programming Tutor', 'Education', 'Karachi', 30, 5, 22, 3, NOW() - INTERVAL 39 DAY, NOW() + INTERVAL 21 DAY, 'part-time', 0, 45000),
(41, 'Digital Transformation Consultant', 'Consulting', 'Remote', 20, 1, 15, 0, NOW() - INTERVAL 26 DAY, NOW() + INTERVAL 34 DAY, 'full-time', 0, 180000),
(42, 'Cloud Solutions Architect', 'IT', 'Karachi', 15, 1, 12, 0, NOW() - INTERVAL 23 DAY, NOW() + INTERVAL 37 DAY, 'full-time', 0, 200000),
(43, 'Network Security Specialist', 'IT', 'Lahore', 20, 2, 16, 0, NOW() - INTERVAL 31 DAY, NOW() + INTERVAL 29 DAY, 'full-time', 0, 160000),
(44, 'Information Security Analyst', 'IT', 'Islamabad', 25, 1, 20, 0, NOW() - INTERVAL 38 DAY, NOW() + INTERVAL 22 DAY, 'full-time', 0, 150000),
(45, 'Data Analyst', 'Data Science', 'Remote', 30, 2, 24, 1, NOW() - INTERVAL 33 DAY, NOW() + INTERVAL 27 DAY, 'full-time', 0, 90000),
(46, 'AI Research Scientist', 'R&D', 'Lahore', 10, 1, 8, 0, NOW() - INTERVAL 20 DAY, NOW() + INTERVAL 40 DAY, 'full-time', 0, 220000),
(47, 'Web Designer', 'Design', 'Karachi', 35, 3, 28, 1, NOW() - INTERVAL 36 DAY, NOW() + INTERVAL 24 DAY, 'full-time', 0, 85000),
(48, 'Mobile App Developer', 'IT', 'Remote', 25, 2, 20, 0, NOW() - INTERVAL 28 DAY, NOW() + INTERVAL 32 DAY, 'full-time', 0, 120000),
(49, 'IT Consultant', 'Consulting', 'Rawalpindi', 20, 3, 12, 1, NOW() - INTERVAL 24 DAY, NOW() + INTERVAL 36 DAY, 'full-time', 0, 110000),
(50, 'Technology Director', 'Management', 'Islamabad', 10, 1, 8, 0, NOW() - INTERVAL 19 DAY, NOW() + INTERVAL 41 DAY, 'full-time', 0, 250000),
(11, 'Microfinance Officer', 'Banking', 'Hyderabad', 25, 3, 18, 1, NOW() - INTERVAL 32 DAY, NOW() + INTERVAL 28 DAY, 'full-time', 0, 65000),
(12, 'Route Optimization Specialist', 'Logistics', 'Remote', 15, 1, 12, 0, NOW() - INTERVAL 26 DAY, NOW() + INTERVAL 34 DAY, 'full-time', 0, 85000),
(13, 'Restaurant Onboarding Manager', 'Operations', 'Karachi', 30, 2, 22, 1, NOW() - INTERVAL 33 DAY, NOW() + INTERVAL 27 DAY, 'full-time', 0, 75000),
(14, 'Django Developer', 'IT', 'Lahore', 25, 2, 20, 0, NOW() - INTERVAL 28 DAY, NOW() + INTERVAL 32 DAY, 'full-time', 0, 125000),
(15, 'IT Infrastructure Manager', 'IT', 'Islamabad', 15, 1, 10, 0, NOW() - INTERVAL 24 DAY, NOW() + INTERVAL 36 DAY, 'full-time', 0, 160000),
(16, 'Social Media Manager', 'Marketing', 'Remote', 30, 2, 25, 1, NOW() - INTERVAL 37 DAY, NOW() + INTERVAL 23 DAY, 'full-time', 0, 90000),
(17, 'Network Planning Engineer', 'Telecommunications', 'Gujranwala', 20, 1, 15, 0, NOW() - INTERVAL 31 DAY, NOW() + INTERVAL 29 DAY, 'full-time', 0, 110000),
(18, 'Call Center Agent', 'Customer Service', 'Sialkot', 60, 20, 45, 10, NOW() - INTERVAL 42 DAY, NOW() + INTERVAL 18 DAY, 'full-time', 0, 40000),
(19, 'RF Engineer', 'Telecommunications', 'Quetta', 15, 1, 8, 0, NOW() - INTERVAL 25 DAY, NOW() + INTERVAL 35 DAY, 'full-time', 0, 120000),
(20, 'Shariah Compliance Officer', 'Banking', 'Lahore', 20, 1, 14, 0, NOW() - INTERVAL 30 DAY, NOW() + INTERVAL 30 DAY, 'full-time', 0, 80000),
(21, 'Retail Banking Manager', 'Banking', 'Karachi', 15, 1, 10, 0, NOW() - INTERVAL 27 DAY, NOW() + INTERVAL 33 DAY, 'full-time', 0, 140000),
(22, 'Credit Analyst', 'Finance', 'Islamabad', 20, 2, 16, 0, NOW() - INTERVAL 29 DAY, NOW() + INTERVAL 31 DAY, 'full-time', 0, 95000),
(23, 'Marketing Strategist', 'Marketing', 'Peshawar', 15, 2, 10, 0, NOW() - INTERVAL 23 DAY, NOW() + INTERVAL 37 DAY, 'full-time', 0, 85000),
(24, 'Online Banking Specialist', 'Banking', 'Remote', 25, 2, 18, 1, NOW() - INTERVAL 32 DAY, NOW() + INTERVAL 28 DAY, 'full-time', 0, 90000),
(25, 'Fertilizer Sales Manager', 'Sales', 'Larkana', 30, 3, 20, 1, NOW() - INTERVAL 36 DAY, NOW() + INTERVAL 24 DAY, 'full-time', 0, 80000),
(26, 'Production Manager', 'Manufacturing', 'Sheikhupura', 15, 1, 8, 0, NOW() - INTERVAL 21 DAY, NOW() + INTERVAL 39 DAY, 'full-time', 0, 120000),
(27, 'Garment Quality Inspector', 'Quality Assurance', 'Faisalabad', 40, 5, 25, 2, NOW() - INTERVAL 38 DAY, NOW() + INTERVAL 22 DAY, 'full-time', 0, 60000),
(28, 'Media Strategist', 'Marketing', 'Remote', 20, 1, 15, 0, NOW() - INTERVAL 26 DAY, NOW() + INTERVAL 34 DAY, 'full-time', 0, 100000),
(29, 'Construction Project Manager', 'Construction', 'Peshawar', 15, 1, 10, 0, NOW() - INTERVAL 24 DAY, NOW() + INTERVAL 36 DAY, 'full-time', 0, 150000),
(30, 'Healthcare Sales Executive', 'Sales', 'Rawalpindi', 30, 5, 22, 2, NOW() - INTERVAL 34 DAY, NOW() + INTERVAL 26 DAY, 'full-time', 0, 70000),
(31, 'Hospital Relationship Manager', 'Healthcare', 'Lahore', 20, 2, 16, 1, NOW() - INTERVAL 29 DAY, NOW() + INTERVAL 31 DAY, 'full-time', 0, 85000),
(32, 'Clinical Data Manager', 'Healthcare', 'Karachi', 15, 1, 10, 0, NOW() - INTERVAL 25 DAY, NOW() + INTERVAL 35 DAY, 'full-time', 0, 120000),
(33, 'Trade Marketing Manager', 'Marketing', 'Islamabad', 20, 1, 15, 0, NOW() - INTERVAL 31 DAY, NOW() + INTERVAL 29 DAY, 'full-time', 0, 140000),
(34, 'R&D Specialist', 'R&D', 'Remote', 10, 1, 8, 0, NOW() - INTERVAL 22 DAY, NOW() + INTERVAL 38 DAY, 'full-time', 0, 160000),
(35, 'Quality Control Inspector', 'Quality Assurance', 'Hyderabad', 25, 3, 18, 1, NOW() - INTERVAL 35 DAY, NOW() + INTERVAL 25 DAY, 'full-time', 0, 65000),
(36, 'Inventory Manager', 'Supply Chain', 'Gujranwala', 15, 1, 10, 0, NOW() - INTERVAL 28 DAY, NOW() + INTERVAL 32 DAY, 'full-time', 0, 80000),
(37, 'Fiber Optic Technician', 'Telecommunications', 'Sukkur', 30, 5, 20, 2, NOW() - INTERVAL 40 DAY, NOW() + INTERVAL 20 DAY, 'full-time', 0, 60000),
(38, 'Automation Test Engineer', 'IT', 'Remote', 20, 1, 15, 0, NOW() - INTERVAL 27 DAY, NOW() + INTERVAL 33 DAY, 'full-time', 0, 110000),
(39, 'Full Stack Developer', 'IT', 'Islamabad', 30, 3, 25, 1, NOW() - INTERVAL 35 DAY, NOW() + INTERVAL 25 DAY, 'full-time', 0, 140000),
(40, 'Coding Instructor', 'Education', 'Lahore', 15, 3, 10, 2, NOW() - INTERVAL 32 DAY, NOW() + INTERVAL 28 DAY, 'part-time', 0, 50000); 

-- Insert Education (multiple entries for some applicants)
INSERT INTO Education (applicant_id, institution_name, field, start_year, end_year) VALUES
(1, 'FAST-NUCES', 'Computer Science', 2015, 2019),
(2, 'LUMS', 'Business Administration', 2016, 2020),
(3, 'NUST', 'Software Engineering', 2017, 2021),
(4, 'UET Lahore', 'Electrical Engineering', 2018, 2022),
(5, 'GIKI', 'Computer Engineering', 2014, 2018),
(6, 'IBA Karachi', 'Marketing', 2015, 2019),
(7, 'PIEAS', 'Nuclear Engineering', 2016, 2020),
(8, 'FAST-NUCES', 'Information Technology', 2017, 2021),
(9, 'NUST', 'Mechanical Engineering', 2018, 2022),
(10, 'LUMS', 'Economics', 2019, 2023),
(11, 'GIKI', 'Electrical Engineering', 2015, 2019),
(12, 'IBA Karachi', 'Finance', 2016, 2020),
(13, 'PIEAS', 'Computer Science', 2017, 2021),
(14, 'UET Lahore', 'Civil Engineering', 2018, 2022),
(15, 'NUST', 'Data Science', 2019, 2023),
(16, 'FAST-NUCES', 'Software Engineering', 2015, 2019),
(17, 'LUMS', 'Accounting', 2016, 2020),
(18, 'GIKI', 'Mechanical Engineering', 2017, 2021),
(19, 'IBA Karachi', 'Human Resource Management', 2018, 2022),
(20, 'PIEAS', 'Electrical Engineering', 2019, 2023),
(21, 'FAST-NUCES', 'Artificial Intelligence', 2015, 2019),
(22, 'LUMS', 'Marketing', 2016, 2020),
(23, 'NUST', 'Computer Science', 2017, 2021),
(24, 'UET Lahore', 'Mechanical Engineering', 2018, 2022),
(25, 'GIKI', 'Software Engineering', 2014, 2018),
(26, 'IBA Karachi', 'Economics', 2015, 2019),
(27, 'PIEAS', 'Materials Engineering', 2016, 2020),
(28, 'FAST-NUCES', 'Cybersecurity', 2017, 2021),
(29, 'NUST', 'Civil Engineering', 2018, 2022),
(30, 'LUMS', 'Computer Science', 2019, 2023),
(31, 'GIKI', 'Chemical Engineering', 2015, 2019),
(32, 'IBA Karachi', 'Business Analytics', 2016, 2020),
(33, 'PIEAS', 'Systems Engineering', 2017, 2021),
(34, 'UET Lahore', 'Computer Engineering', 2018, 2022),
(35, 'NUST', 'Information Technology', 2019, 2023),
(36, 'FAST-NUCES', 'Data Science', 2015, 2019),
(37, 'LUMS', 'Finance', 2016, 2020),
(38, 'GIKI', 'Electrical Engineering', 2017, 2021),
(39, 'IBA Karachi', 'Supply Chain Management', 2018, 2022),
(40, 'PIEAS', 'Computer Science', 2019, 2023),
(41, 'FAST-NUCES', 'Network Security', 2015, 2019),
(42, 'LUMS', 'Management Information Systems', 2016, 2020),
(43, 'NUST', 'Telecommunications Engineering', 2017, 2021),
(44, 'UET Lahore', 'Software Engineering', 2018, 2022),
(45, 'GIKI', 'Robotics Engineering', 2014, 2018),
(46, 'IBA Karachi', 'Digital Marketing', 2015, 2019),
(47, 'PIEAS', 'Information Technology', 2016, 2020),
(48, 'FAST-NUCES', 'Mobile Application Development', 2017, 2021),
(49, 'NUST', 'Artificial Intelligence', 2018, 2022),
(50, 'LUMS', 'Data Science', 2019, 2023),

-- Additional education records for some applicants (multiple degrees)
(1, 'IBA Karachi', 'MBA', 2020, 2022),
(3, 'LUMS', 'Data Science', 2022, NULL),
(5, 'NUST', 'MBA', 2019, 2021),
(8, 'PIEAS', 'Artificial Intelligence', 2022, NULL),
(10, 'GIKI', 'Software Engineering', 2023, NULL),
(12, 'FAST-NUCES', 'Cybersecurity', 2021, 2023),
(15, 'IBA Karachi', 'MBA', 2023, NULL),
(18, 'UET Lahore', 'Computer Science', 2022, 2024),
(20, 'LUMS', 'Project Management', 2023, NULL),
(22, 'NUST', 'Business Analytics', 2021, 2023),
(25, 'PIEAS', 'Data Science', 2019, 2021),
(27, 'FAST-NUCES', 'Artificial Intelligence', 2021, 2023),
(30, 'IBA Karachi', 'Digital Marketing', 2023, NULL),
(33, 'UET Lahore', 'Mechanical Engineering', 2022, 2024),
(35, 'LUMS', 'Entrepreneurship', 2023, NULL),
(38, 'NUST', 'Computer Science', 2022, 2024),
(40, 'GIKI', 'MBA', 2023, NULL),
(42, 'PIEAS', 'Information Security', 2021, 2023),
(45, 'FAST-NUCES', 'Cloud Computing', 2019, 2021),
(48, 'IBA Karachi', 'Supply Chain Management', 2022, NULL),
(2, 'UET Lahore', 'Data Science', 2021, 2023),
(4, 'PIEAS', 'Artificial Intelligence', 2022, 2024),
(6, 'NUST', 'MBA', 2020, 2022),
(9, 'LUMS', 'Project Management', 2022, NULL),
(11, 'FAST-NUCES', 'Software Architecture', 2020, 2022),
(14, 'GIKI', 'Electrical Engineering', 2022, 2024),
(16, 'NUST', 'MBA', 2020, 2022),
(19, 'PIEAS', 'Information Technology', 2022, NULL),
(21, 'UET Lahore', 'MBA', 2020, 2022),
(24, 'LUMS', 'Finance', 2022, 2024),
(26, 'FAST-NUCES', 'Machine Learning', 2020, 2022),
(29, 'GIKI', 'Computer Science', 2022, NULL),
(32, 'NUST', 'Digital Marketing', 2021, 2023),
(34, 'PIEAS', 'Cybersecurity', 2022, 2024),
(37, 'UET Lahore', 'Software Engineering', 2021, 2023),
(39, 'FAST-NUCES', 'Business Analytics', 2022, NULL),
(41, 'GIKI', 'Telecommunications', 2020, 2022),
(44, 'NUST', 'Project Management', 2022, 2024),
(46, 'LUMS', 'MBA', 2020, 2022),
(49, 'PIEAS', 'Data Engineering', 2022, NULL); 

-- Insert JobSkillsets
INSERT INTO JobSkillsets (job_id, skill) VALUES
(1, 'JavaScript'),
(1, 'React'),
(1, 'HTML'),
(1, 'CSS'),
(1, 'Redux'),
(2, 'Python'),
(2, 'Machine Learning'),
(2, 'SQL'),
(2, 'Statistics'),
(2, 'Data Visualization'),
(3, 'UI Design'),
(3, 'Figma'),
(3, 'Adobe XD'),
(3, 'User Research'),
(3, 'Wireframing'),
(4, 'AWS'),
(4, 'Docker'),
(4, 'Kubernetes'),
(4, 'CI/CD'),
(4, 'Linux'),
(5, 'Kotlin'),
(5, 'Swift'),
(5, 'React Native'),
(5, 'Firebase'),
(5, 'Mobile UI Design'),
(6, 'Customer Service'),
(6, 'Communication Skills'),
(6, 'Problem Solving'),
(6, 'CRM Software'),
(7, 'Financial Analysis'),
(7, 'Excel'),
(7, 'Financial Modeling'),
(7, 'Accounting'),
(8, 'Content Writing'),
(8, 'SEO'),
(8, 'Copywriting'),
(8, 'Editing'),
(9, 'Driving License'),
(9, 'Navigation'),
(9, 'Customer Service'),
(10, 'Operations Management'),
(10, 'Supply Chain'),
(10, 'Inventory Management'),
(11, 'Banking Operations'),
(11, 'Financial Services'),
(11, 'Customer Relationship'),
(12, 'Logistics'),
(12, 'Route Planning'),
(12, 'Supply Chain'),
(13, 'Food Service Management'),
(13, 'Vendor Relations'),
(13, 'Contract Negotiation'),
(14, 'Python'),
(14, 'Django'),
(14, 'PostgreSQL'),
(14, 'RESTful APIs'),
(15, 'Networking'),
(15, 'System Administration'),
(15, 'IT Infrastructure'),
(16, 'Digital Marketing'),
(16, 'Social Media Marketing'),
(16, 'SEO'),
(16, 'Google Analytics'),
(17, 'Telecommunications'),
(17, 'Network Engineering'),
(17, 'Troubleshooting'),
(18, 'Customer Service'),
(18, 'Call Handling'),
(18, 'Problem Resolution'),
(19, 'RF Engineering'),
(19, 'Network Optimization'),
(19, 'Cellular Networks'),
(20, 'Islamic Banking'),
(20, 'Shariah Compliance'),
(20, 'Financial Services'),
(21, 'Banking Operations'),
(21, 'Team Management'),
(21, 'Customer Relations'),
(22, 'Corporate Banking'),
(22, 'Financial Analysis'),
(22, 'Relationship Management'),
(23, 'Relationship Management'),
(23, 'Banking Products'),
(23, 'Sales'),
(24, 'Digital Banking'),
(24, 'Financial Technology'),
(24, 'Mobile Banking'),
(25, 'Agricultural Engineering'),
(25, 'Crop Management'),
(25, 'Irrigation Systems'),
(26, 'Operations Management'),
(26, 'Team Leadership'),
(26, 'Process Improvement'),
(27, 'Textile Design'),
(27, 'CAD'),
(27, 'Pattern Making'),
(27, 'Color Theory'),
(28, 'Media Relations'),
(28, 'Public Relations'),
(28, 'Press Releases'),
(28, 'Communication'),
(29, 'Production Management'),
(29, 'Quality Control'),
(29, 'Manufacturing Processes'),
(30, 'Pharmaceutical Sales'),
(30, 'Medical Knowledge'),
(30, 'Sales Skills'),
(30, 'Client Relations'),
(39, 'React'),
(39, 'Node.js'),
(39, 'MongoDB'),
(39, 'Express'),
(39, 'JavaScript'),
(40, 'Programming'),
(40, 'Teaching'),
(40, 'Curriculum Development'),
(40, 'Python'),
(40, 'Java'),
(41, 'Digital Transformation'),
(41, 'Business Process'),
(41, 'Change Management'),
(41, 'IT Strategy'),
(42, 'Cloud Architecture'),
(42, 'AWS'),
(42, 'Azure'),
(42, 'GCP'),
(42, 'Cloud Migration'),
(43, 'Network Security'),
(43, 'Firewalls'),
(43, 'VPN'),
(43, 'Security Protocols'),
(44, 'Information Security'),
(44, 'Vulnerability Assessment'),
(44, 'Security Audits'),
(44, 'SIEM');

-- Insert Applications
INSERT INTO Applications (user_id, recruiter_id, job_id, status, date_of_application) VALUES
(1, 1, 1, 'applied', NOW() - INTERVAL 25 DAY),
(2, 2, 2, 'shortlisted', NOW() - INTERVAL 20 DAY),
(3, 3, 3, 'accepted', NOW() - INTERVAL 35 DAY),
(4, 3, 3, 'shortlisted', NOW() - INTERVAL 40 DAY),
(5, 5, 5, 'accepted', NOW() - INTERVAL 30 DAY),
(6, 8, 8, 'applied', NOW() - INTERVAL 22 DAY),
(7, 7, 7, 'applied', NOW() - INTERVAL 12 DAY),
(8, 6, 6, 'shortlisted', NOW() - INTERVAL 35 DAY),
(9, 6, 6, 'accepted', NOW() - INTERVAL 38 DAY),
(10, 2, 2, 'applied', NOW() - INTERVAL 18 DAY),
(11, 4, 4, 'shortlisted', NOW() - INTERVAL 15 DAY),
(12, 47, 47, 'applied', NOW() - INTERVAL 30 DAY),
(13, 5, 5, 'rejected', NOW() - INTERVAL 28 DAY),
(14, 14, 14, 'applied', NOW() - INTERVAL 24 DAY),
(15, 43, 43, 'applied', NOW() - INTERVAL 25 DAY),
(16, 16, 16, 'shortlisted', NOW() - INTERVAL 35 DAY),
(17, 15, 15, 'applied', NOW() - INTERVAL 20 DAY),
(18, 16, 16, 'accepted', NOW() - INTERVAL 34 DAY),
(19, 19, 19, 'applied', NOW() - INTERVAL 15 DAY),
(20, 20, 20, 'applied', NOW() - INTERVAL 25 DAY),
(21, 48, 48, 'applied', NOW() - INTERVAL 22 DAY),
(22, 22, 22, 'shortlisted', NOW() - INTERVAL 28 DAY),
(23, 47, 47, 'accepted', NOW() - INTERVAL 33 DAY),
(24, 24, 24, 'applied', NOW() - INTERVAL 14 DAY),
(25, 39, 39, 'shortlisted', NOW() - INTERVAL 30 DAY),
(26, 36, 36, 'applied', NOW() - INTERVAL 25 DAY),
(27, 27, 27, 'shortlisted', NOW() - INTERVAL 32 DAY),
(28, 28, 28, 'applied', NOW() - INTERVAL 20 DAY),
(29, 29, 29, 'applied', NOW() - INTERVAL 12 DAY),
(30, 45, 45, 'accepted', NOW() - INTERVAL 30 DAY),
(31, 31, 31, 'applied', NOW() - INTERVAL 24 DAY),
(32, 32, 32, 'applied', NOW() - INTERVAL 18 DAY),
(33, 43, 43, 'shortlisted', NOW() - INTERVAL 25 DAY),
(34, 41, 41, 'applied', NOW() - INTERVAL 22 DAY),
(35, 39, 39, 'accepted', NOW() - INTERVAL 30 DAY),
(36, 36, 36, 'applied', NOW() - INTERVAL 15 DAY),
(37, 37, 37, 'shortlisted', NOW() - INTERVAL 28 DAY),
(38, 38, 38, 'applied', NOW() - INTERVAL 24 DAY),
(39, 39, 39, 'rejected', NOW() - INTERVAL 32 DAY),
(40, 40, 40, 'accepted', NOW() - INTERVAL 38 DAY),
(41, 41, 41, 'shortlisted', NOW() - INTERVAL 25 DAY),
(42, 42, 42, 'applied', NOW() - INTERVAL 18 DAY),
(43, 43, 43, 'applied', NOW() - INTERVAL 22 DAY),
(44, 44, 44, 'applied', NOW() - INTERVAL 16 DAY),
(45, 45, 45, 'shortlisted', NOW() - INTERVAL 28 DAY),
(46, 46, 46, 'applied', NOW() - INTERVAL 20 DAY),
(47, 47, 47, 'rejected', NOW() - INTERVAL 30 DAY),
(48, 48, 48, 'applied', NOW() - INTERVAL 22 DAY),
(49, 49, 49, 'accepted', NOW() - INTERVAL 32 DAY),
(50, 50, 50, 'applied', NOW() - INTERVAL 15 DAY),
(1, 51, 51, 'shortlisted', NOW() - INTERVAL 22 DAY),
(2, 52, 52, 'applied', NOW() - INTERVAL 18 DAY),
(3, 53, 53, 'shortlisted', NOW() - INTERVAL 25 DAY),
(4, 54, 54, 'applied', NOW() - INTERVAL 20 DAY),
(5, 55, 55, 'rejected', NOW() - INTERVAL 30 DAY),
(6, 56, 56, 'applied', NOW() - INTERVAL 15 DAY),
(7, 57, 57, 'shortlisted', NOW() - INTERVAL 22 DAY),
(8, 58, 58, 'applied', NOW() - INTERVAL 18 DAY),
(9, 59, 59, 'accepted', NOW() - INTERVAL 35 DAY),
(10, 60, 60, 'applied', NOW() - INTERVAL 20 DAY),
(11, 61, 61, 'applied', NOW() - INTERVAL 15 DAY),
(12, 62, 62, 'shortlisted', NOW() - INTERVAL 25 DAY),
(13, 63, 63, 'applied', NOW() - INTERVAL 18 DAY),
(14, 64, 64, 'shortlisted', NOW() - INTERVAL 28 DAY),
(15, 65, 65, 'applied', NOW() - INTERVAL 20 DAY),
(16, 66, 66, 'rejected', NOW() - INTERVAL 30 DAY),
(17, 67, 67, 'applied', NOW() - INTERVAL 15 DAY),
(18, 68, 68, 'accepted', NOW() - INTERVAL 35 DAY),
(19, 69, 69, 'applied', NOW() - INTERVAL 20 DAY),
(20, 70, 70, 'shortlisted', NOW() - INTERVAL 26 DAY),
(21, 71, 71, 'applied', NOW() - INTERVAL 18 DAY),
(22, 72, 72, 'shortlisted', NOW() - INTERVAL 25 DAY),
(23, 73, 73, 'applied', NOW() - INTERVAL 20 DAY),
(24, 74, 74, 'rejected', NOW() - INTERVAL 30 DAY),
(25, 75, 75, 'applied', NOW() - INTERVAL 15 DAY),
(26, 76, 76, 'shortlisted', NOW() - INTERVAL 22 DAY),
(27, 77, 77, 'applied', NOW() - INTERVAL 18 DAY),
(28, 78, 78, 'shortlisted', NOW() - INTERVAL 25 DAY),
(29, 79, 79, 'applied', NOW() - INTERVAL 20 DAY),
(30, 80, 80, 'accepted', NOW() - INTERVAL 32 DAY),
(31, 1, 81, 'applied', NOW() - INTERVAL 15 DAY),
(32, 2, 82, 'shortlisted', NOW() - INTERVAL 22 DAY),
(33, 3, 83, 'applied', NOW() - INTERVAL 18 DAY),
(34, 4, 84, 'rejected', NOW() - INTERVAL 28 DAY),
(35, 5, 85, 'applied', NOW() - INTERVAL 20 DAY),
(36, 6, 86, 'shortlisted', NOW() - INTERVAL 25 DAY),
(37, 7, 87, 'applied', NOW() - INTERVAL 18 DAY),
(38, 8, 88, 'accepted', NOW() - INTERVAL 30 DAY),
(39, 9, 89, 'applied', NOW() - INTERVAL 16 DAY),
(40, 10, 90, 'shortlisted', NOW() - INTERVAL 22 DAY);

-- Insert Notifications (more than 100)
INSERT INTO Notifications (user_id, message, is_read, created_at) VALUES
-- Applicant notifications
(1, '✅ Application submitted for Senior Frontend Developer', TRUE, NOW() - INTERVAL 25 DAY),
(1, '📢 Your application for "Senior Frontend Developer" is now "shortlisted"', FALSE, NOW() - INTERVAL 20 DAY),
(1, '🔔 New job matching your skills: React.js Developer', TRUE, NOW() - INTERVAL 15 DAY),
(1, '✅ Application submitted for React.js Developer', FALSE, NOW() - INTERVAL 12 DAY),
(2, '✅ Application submitted for Data Scientist', TRUE, NOW() - INTERVAL 20 DAY),
(2, '📢 Your application for "Data Scientist" is now "shortlisted"', TRUE, NOW() - INTERVAL 18 DAY),
(2, '🔔 New job matching your skills: Machine Learning Engineer', FALSE, NOW() - INTERVAL 10 DAY),
(2, '✅ Application submitted for Machine Learning Engineer', FALSE, NOW() - INTERVAL 8 DAY),
(3, '✅ Application submitted for UX/UI Designer', TRUE, NOW() - INTERVAL 35 DAY),
(3, '📢 Your application for "UX/UI Designer" is now "shortlisted"', TRUE, NOW() - INTERVAL 30 DAY),
(3, '📢 Your application for "UX/UI Designer" is now "accepted"', TRUE, NOW() - INTERVAL 25 DAY),
(3, '🔔 New job matching your skills: Product Designer', FALSE, NOW() - INTERVAL 15 DAY),
(3, '✅ Application submitted for Product Designer', FALSE, NOW() - INTERVAL 10 DAY),
(4, '✅ Application submitted for UX/UI Designer', TRUE, NOW() - INTERVAL 40 DAY),
(4, '📢 Your application for "UX/UI Designer" is now "shortlisted"', FALSE, NOW() - INTERVAL 35 DAY),
(4, '✅ Application submitted for Site Reliability Engineer', FALSE, NOW() - INTERVAL 10 DAY),
(5, '✅ Application submitted for Mobile App Developer', TRUE, NOW() - INTERVAL 30 DAY),
(5, '📢 Your application for "Mobile App Developer" is now "accepted"', TRUE, NOW() - INTERVAL 25 DAY),
(5, '🔔 New job matching your skills: Flutter Developer', FALSE, NOW() - INTERVAL 15 DAY),
(5, '✅ Application submitted for Flutter Developer', FALSE, NOW() - INTERVAL 10 DAY),
(5, '📢 Your application for "Flutter Developer" is now "rejected"', FALSE, NOW() - INTERVAL 5 DAY),
(6, '✅ Application submitted for Content Writer', TRUE, NOW() - INTERVAL 22 DAY),
(6, '🔔 New job matching your skills: SEO Specialist', FALSE, NOW() - INTERVAL 18 DAY),
(6, '✅ Application submitted for Technical Support Specialist', FALSE, NOW() - INTERVAL 14 DAY),
(7, '✅ Application submitted for Financial Analyst', TRUE, NOW() - INTERVAL 12 DAY),
(7, '🔔 New job matching your skills: Investment Analyst', FALSE, NOW() - INTERVAL 8 DAY),
(7, '✅ Application submitted for Investment Analyst', FALSE, NOW() - INTERVAL 6 DAY),
(7, '📢 Your application for "Investment Analyst" is now "shortlisted"', FALSE, NOW() - INTERVAL 3 DAY),
(8, '✅ Application submitted for Customer Support Specialist', TRUE, NOW() - INTERVAL 35 DAY),
(8, '📢 Your application for "Customer Support Specialist" is now "shortlisted"', TRUE, NOW() - INTERVAL 30 DAY),
(8, '🔔 New job matching your skills: SEO Specialist', FALSE, NOW() - INTERVAL 25 DAY),
(8, '✅ Application submitted for SEO Specialist', FALSE, NOW() - INTERVAL 20 DAY),
(9, '✅ Application submitted for Customer Support Specialist', TRUE, NOW() - INTERVAL 38 DAY),
(9, '📢 Your application for "Customer Support Specialist" is now "accepted"', TRUE, NOW() - INTERVAL 35 DAY),
(9, '🔔 New job matching your skills: Delivery Captain', FALSE, NOW() - INTERVAL 30 DAY),
(9, '✅ Application submitted for Delivery Captain', FALSE, NOW() - INTERVAL 25 DAY),
(9, '📢 Your application for "Delivery Captain" is now "accepted"', FALSE, NOW() - INTERVAL 20 DAY),
(10, '✅ Application submitted for Data Scientist', TRUE, NOW() - INTERVAL 18 DAY),
(10, '🔔 New job matching your skills: Warehouse Manager', FALSE, NOW() - INTERVAL 15 DAY),
(10, '✅ Application submitted for Warehouse Manager', FALSE, NOW() - INTERVAL 10 DAY),

-- Recruiter notifications
(51, '👤 New application received for Senior Frontend Developer from Ahmad Khan', TRUE, NOW() - INTERVAL 25 DAY),
(51, '👤 New application received for React.js Developer from Ahmad Khan', FALSE, NOW() - INTERVAL 12 DAY),
(51, '👤 New application received for React.js Developer from Irfan Ahmed', FALSE, NOW() - INTERVAL 15 DAY),
(52, '👤 New application received for Data Scientist from Fatima Ali', TRUE, NOW() - INTERVAL 20 DAY),
(52, '👤 New application received for Machine Learning Engineer from Fatima Ali', FALSE, NOW() - INTERVAL 8 DAY),
(52, '👤 New application received for Machine Learning Engineer from Rida Khan', FALSE, NOW() - INTERVAL 10 DAY),
(53, '👤 New application received for UX/UI Designer from Muhammad Ahmed', TRUE, NOW() - INTERVAL 35 DAY),
(53, '👤 New application received for UX/UI Designer from Ayesha Malik', TRUE, NOW() - INTERVAL 40 DAY),
(53, '👤 New application received for Product Designer from Muhammad Ahmed', FALSE, NOW() - INTERVAL 10 DAY),
(54, '👤 New application received for DevOps Engineer from Ali Raza', TRUE, NOW() - INTERVAL 15 DAY),
(54, '👤 New application received for Site Reliability Engineer from Ayesha Malik', FALSE, NOW() - INTERVAL 10 DAY),
(54, '👤 New application received for Site Reliability Engineer from Naveed Akram', FALSE, NOW() - INTERVAL 12 DAY),
(55, '👤 New application received for Mobile App Developer from Saad Aziz', TRUE, NOW() - INTERVAL 30 DAY),
(55, '👤 New application received for Flutter Developer from Saad Aziz', FALSE, NOW() - INTERVAL 10 DAY),
(55, '👤 New application received for Flutter Developer from Imran Sheikh', FALSE, NOW() - INTERVAL 8 DAY),

-- More applicant notifications
(11, '✅ Application submitted for DevOps Engineer', TRUE, NOW() - INTERVAL 15 DAY),
(11, '📢 Your application for "DevOps Engineer" is now "shortlisted"', FALSE, NOW() - INTERVAL 10 DAY),
(11, '🔔 New job matching your skills: Microfinance Officer', FALSE, NOW() - INTERVAL 8 DAY),
(11, '✅ Application submitted for Microfinance Officer', FALSE, NOW() - INTERVAL 5 DAY),
(12, '✅ Application submitted for Web Designer', TRUE, NOW() - INTERVAL 30 DAY),
(12, '🔔 New job matching your skills: Route Optimization Specialist', FALSE, NOW() - INTERVAL 20 DAY),
(12, '✅ Application submitted for Route Optimization Specialist', FALSE, NOW() - INTERVAL 15 DAY),
(12, '📢 Your application for "Route Optimization Specialist" is now "shortlisted"', FALSE, NOW() - INTERVAL 10 DAY),
(13, '✅ Application submitted for Mobile App Developer', TRUE, NOW() - INTERVAL 28 DAY),
(13, '📢 Your application for "Mobile App Developer" is now "rejected"', TRUE, NOW() - INTERVAL 25 DAY),
(13, '🔔 New job matching your skills: Restaurant Onboarding Manager', FALSE, NOW() - INTERVAL 20 DAY),
(13, '✅ Application submitted for Restaurant Onboarding Manager', FALSE, NOW() - INTERVAL 15 DAY),
(14, '✅ Application submitted for Python Developer', TRUE, NOW() - INTERVAL 24 DAY),
(14, '🔔 New job matching your skills: Django Developer', FALSE, NOW() - INTERVAL 20 DAY),
(14, '✅ Application submitted for Django Developer', FALSE, NOW() - INTERVAL 15 DAY),
(14, '📢 Your application for "Django Developer" is now "shortlisted"', FALSE, NOW() - INTERVAL 10 DAY),
(15, '✅ Application submitted for Network Security Specialist', TRUE, NOW() - INTERVAL 25 DAY),
(15, '🔔 New job matching your skills: IT Infrastructure Manager', FALSE, NOW() - INTERVAL 20 DAY),
(15, '✅ Application submitted for IT Infrastructure Manager', FALSE, NOW() - INTERVAL 15 DAY),

-- More recruiter notifications
(56, '👤 New application received for Customer Support Specialist from Zainab Hassan', TRUE, NOW() - INTERVAL 15 DAY),
(56, '👤 New application received for Technical Support Specialist from Zainab Hassan', FALSE, NOW() - INTERVAL 14 DAY),
(56, '📊 Your job "Technical Support Specialist" has 30 applications now', FALSE, NOW() - INTERVAL 10 DAY),
(57, '👤 New application received for Financial Analyst from Usman Khan', TRUE, NOW() - INTERVAL 12 DAY),
(57, '👤 New application received for Investment Analyst from Usman Khan', FALSE, NOW() - INTERVAL 6 DAY),
(57, '📊 Your job "Investment Analyst" has 10 applications now', FALSE, NOW() - INTERVAL 3 DAY),
(58, '👤 New application received for Content Writer from Hina Ahmed', TRUE, NOW() - INTERVAL 20 DAY),
(58, '👤 New application received for SEO Specialist from Hina Ahmed', FALSE, NOW() - INTERVAL 20 DAY),
(58, '📊 Your job "SEO Specialist" has 18 applications now', FALSE, NOW() - INTERVAL 15 DAY),
(59, '👤 New application received for Ride-Hailing Driver from Bilal Shah', TRUE, NOW() - INTERVAL 25 DAY),
(59, '👤 New application received for Delivery Captain from Bilal Shah', FALSE, NOW() - INTERVAL 25 DAY),
(59, '📊 Your job "Delivery Captain" has 35 applications now', FALSE, NOW() - INTERVAL 20 DAY),
(60, '👤 New application received for E-commerce Operations Manager from Sana Mahmood', TRUE, NOW() - INTERVAL 20 DAY),
(60, '👤 New application received for Warehouse Manager from Sana Mahmood', FALSE, NOW() - INTERVAL 10 DAY),
(60, '📊 Your job "Warehouse Manager" has 14 applications now', FALSE, NOW() - INTERVAL 5 DAY),

-- System notifications
(1, '🎉 Welcome to HireHub! Complete your profile to increase chances of getting hired', TRUE, NOW() - INTERVAL 60 DAY),
(2, '🎉 Welcome to HireHub! Complete your profile to increase chances of getting hired', TRUE, NOW() - INTERVAL 59 DAY),
(3, '🎉 Welcome to HireHub! Complete your profile to increase chances of getting hired', TRUE, NOW() - INTERVAL 58 DAY),
(4, '🎉 Welcome to HireHub! Complete your profile to increase chances of getting hired', TRUE, NOW() - INTERVAL 57 DAY),
(5, '🎉 Welcome to HireHub! Complete your profile to increase chances of getting hired', TRUE, NOW() - INTERVAL 56 DAY),
(6, '🎉 Welcome to HireHub! Complete your profile to increase chances of getting hired', TRUE, NOW() - INTERVAL 55 DAY),
(7, '🎉 Welcome to HireHub! Complete your profile to increase chances of getting hired', TRUE, NOW() - INTERVAL 54 DAY),
(8, '🎉 Welcome to HireHub! Complete your profile to increase chances of getting hired', TRUE, NOW() - INTERVAL 53 DAY),
(9, '🎉 Welcome to HireHub! Complete your profile to increase chances of getting hired', TRUE, NOW() - INTERVAL 52 DAY),
(10, '🎉 Welcome to HireHub! Complete your profile to increase chances of getting hired', TRUE, NOW() - INTERVAL 51 DAY),
(51, '🎉 Welcome to HireHub! Post your first job to find talented candidates', TRUE, NOW() - INTERVAL 60 DAY),
(52, '🎉 Welcome to HireHub! Post your first job to find talented candidates', TRUE, NOW() - INTERVAL 59 DAY),
(53, '🎉 Welcome to HireHub! Post your first job to find talented candidates', TRUE, NOW() - INTERVAL 58 DAY),
(54, '🎉 Welcome to HireHub! Post your first job to find talented candidates', TRUE, NOW() - INTERVAL 57 DAY),
(55, '🎉 Welcome to HireHub! Post your first job to find talented candidates', TRUE, NOW() - INTERVAL 56 DAY);

-- Insert Ratings (more than 100)
INSERT INTO Ratings (category, receiver_id, sender_id, rating) VALUES
-- Job ratings by applicants
('job', 1, 1, 4.5),
('job', 2, 2, 4.0),
('job', 3, 3, 4.8),
('job', 4, 4, 3.5),
('job', 5, 5, 4.2),
('job', 6, 6, 3.8),
('job', 7, 7, 4.0),
('job', 8, 8, 4.5),
('job', 9, 9, 3.7),
('job', 10, 10, 4.2),
('job', 11, 11, 4.0),
('job', 12, 12, 3.5),
('job', 13, 13, 3.0),
('job', 14, 14, 4.2),
('job', 15, 15, 4.5),
('job', 16, 16, 4.3),
('job', 17, 17, 3.8),
('job', 18, 18, 3.5),
('job', 19, 19, 4.0),
('job', 20, 20, 4.2),

-- Applicant ratings by recruiters
('applicant', 1, 51, 4.3),
('applicant', 2, 52, 4.0),
('applicant', 3, 53, 4.8),
('applicant', 4, 53, 3.7),
('applicant', 5, 55, 4.5),
('applicant', 6, 56, 3.5),
('applicant', 7, 57, 4.0),
('applicant', 8, 58, 4.2),
('applicant', 9, 59, 4.5),
('applicant', 10, 60, 3.8),
('applicant', 11, 61, 4.3),
('applicant', 12, 62, 3.9),
('applicant', 13, 63, 3.0),
('applicant', 14, 64, 4.5),
('applicant', 15, 65, 4.2),
('applicant', 16, 66, 3.7),
('applicant', 17, 67, 4.0),
('applicant', 18, 68, 4.5),
('applicant', 19, 69, 3.8),
('applicant', 20, 70, 4.1),

-- Recruiter ratings by applicants
('recruiter', 51, 1, 4.6),
('recruiter', 52, 2, 4.3),
('recruiter', 53, 3, 4.8),
('recruiter', 54, 4, 4.0),
('recruiter', 55, 5, 4.7),
('recruiter', 56, 6, 4.2),
('recruiter', 57, 7, 4.5),
('recruiter', 58, 8, 4.4),
('recruiter', 59, 9, 4.6),
('recruiter', 60, 10, 4.2),
('recruiter', 61, 11, 4.5),
('recruiter', 62, 12, 4.3),
('recruiter', 63, 13, 3.8),
('recruiter', 64, 14, 4.8),
('recruiter', 65, 15, 4.4),
('recruiter', 66, 16, 4.0),
('recruiter', 67, 17, 4.2),
('recruiter', 68, 18, 4.3),
('recruiter', 69, 19, 4.5),
('recruiter', 70, 20, 4.2),

-- More ratings
('job', 21, 21, 4.0),
('job', 22, 22, 4.3),
('job', 23, 23, 3.9),
('job', 24, 24, 4.2),
('job', 25, 25, 3.8),
('job', 26, 26, 4.1),
('job', 27, 27, 3.7),
('job', 28, 28, 4.4),
('job', 29, 29, 4.2),
('job', 30, 30, 4.5),
('applicant', 21, 71, 4.2),
('applicant', 22, 72, 4.5),
('applicant', 23, 73, 3.9),
('applicant', 24, 74, 4.1),
('applicant', 25, 75, 4.3),
('applicant', 26, 76, 3.8),
('applicant', 27, 77, 4.0),
('applicant', 28, 78, 4.4),
('applicant', 29, 79, 3.7),
('applicant', 30, 80, 4.2),
('recruiter', 71, 21, 4.6),
('recruiter', 72, 22, 4.4),
('recruiter', 73, 23, 4.1),
('recruiter', 74, 24, 3.9),
('recruiter', 75, 25, 4.5),
('recruiter', 76, 26, 4.3),
('recruiter', 77, 27, 4.0),
('recruiter', 78, 28, 4.5),
('recruiter', 79, 29, 4.2),
('recruiter', 80, 30, 4.6),
('job', 31, 31, 4.1),
('job', 32, 32, 3.9),
('job', 33, 33, 4.5),
('job', 34, 34, 3.7),
('job', 35, 35, 4.3),
('job', 36, 36, 4.0),
('job', 37, 37, 4.2),
('job', 38, 38, 4.5),
('job', 39, 39, 3.6),
('job', 40, 40, 4.3);

SET FOREIGN_KEY_CHECKS = 1;
-- Load sample data for job portal database
-- Run this file to load all sample data
